FID,ogc_fid,site_id,site_name,alamat,desa,kec,lat,long,jen_men,tinggi,jen_kons,metadata,srs_id,remark,namobj,fcode,objectid,geometry
menaratelepon_ar_50k_10f62879eecb175b3f432c439e656c64.1,1,MPW012,KUALA_DUA,"Jl. Raya Sei Adong, rt.01/02 Kec. Sungai Raya Kab. Kubu Raya",Kuala Dua,Sungai Raya,-0.172583,109.434944,Green Field,62,4 KAKI,MENARATOWER5000020220623KUBURAYA,4326,,PT. TELKOMSEL,HC01050180,,POINT (109.434944444444 -0.172583333333333)
menaratelepon_ar_50k_10f62879eecb175b3f432c439e656c64.2,2,MPW013,SEI_KAKAP,"Jl. Raya Sei Kakap, Kec. Pontianak Utara Kab. Kubu Raya",Sungai Kakap,Sungai Kakap,-0.056306,109.194222,Green Field,72,4 KAKI,MENARATOWER5000020220623KUBURAYA,4326,,PT. TELKOMSEL,HC01050180,,POINT (109.194222222222 -0.0563055555555556)
menaratelepon_ar_50k_10f62879eecb175b3f432c439e656c64.3,3,PTK016,SUNGAI_RAYA_DALAM,Jl. Sei Raya Dalam Kec. Pontianak Selatan Kab. Kubu Raya,Sungai Raya,Sungai Raya,-0.090778,109.349056,Green Field,72,4 KAKI,MENARATOWER5000020220623KUBURAYA,4326,,PT. TELKOMSEL,HC01050180,,POINT (109.349055555556 -0.0907777777777778)
menaratelepon_ar_50k_10f62879eecb175b3f432c439e656c64.4,4,MPW015,ARANG_LIMBUNG,"Jl. Adisucipto, Gg. Aminah, Kec. Pontianak Utara Kab. Kubu Raya",Arang Limbung,Sungai Raya,-0.110944,109.409833,Green Field,42,4 KAKI,MENARATOWER5000020220623KUBURAYA,4326,,PT. TELKOMSEL,HC01050180,,POINT (109.409833333333 -0.110944444444444)
menaratelepon_ar_50k_10f62879eecb175b3f432c439e656c64.5,5,MPW018,PAL_IX / SEI_KAKAP_2,"Jalan Raya S. Kakap RT.13 RW.IX Kampung Parit Gado Desa PAL IX Kec. Pontianak Selatan, Kab. Kubu Raya",Pal IX,Sungai Kakap,-0.062167,109.255444,Green Field,72,4 KAKI,MENARATOWER5000020220623KUBURAYA,4326,,PT. TELKOMSEL,HC01050180,,POINT (109.255444444444 -0.0621666666666667)
menaratelepon_ar_50k_10f62879eecb175b3f432c439e656c64.6,6,PTK049,GUBERNURAN_2/ DENZIBANG (MPW016),"Jl. Adisucipto, Belakang Kompleks Denzibang,  Kec. Sungai Raya Kab. Kubu Raya",Sungai Raya,Sungai Raya,-0.067611,109.37125,Green Field,42,4 KAKI,MENARATOWER5000020220623KUBURAYA,4326,,PT. TELKOMSEL,HC01050180,,POINT (109.37125 -0.0676111111111111)
menaratelepon_ar_50k_10f62879eecb175b3f432c439e656c64.7,7,MPW017,SEI_RAYA_3** / ADI SUCIPTO,"Gg.Darma Raja Kampung Banjarbaru Rt.5/7,  Kec. Pontianak Utara Kab. Kubu Raya",Sungai Raya,Sungai Raya,-0.093222,109.393278,Green Field,42,4 KAKI,MENARATOWER5000020220623KUBURAYA,4326,,PT. TELKOMSEL,HC01050180,,POINT (109.393277777778 -0.0932222222222222)
menaratelepon_ar_50k_10f62879eecb175b3f432c439e656c64.8,8,MPW020,A_YANI_II / PURNAMA_2,Jl. Ahmad Yani II Rt 8 Rw 1 Sei Raya Kec. Pontianak Barat Kab. Kubu Raya Kalbar,Sungai Raya,Sungai Raya,-0.075167,109.364778,Green Field,42,4 KAKI,MENARATOWER5000020220623KUBURAYA,4326,,PT. TELKOMSEL,HC01050180,,POINT (109.364777777778 -0.0751666666666667)
menaratelepon_ar_50k_10f62879eecb175b3f432c439e656c64.9,9,MPW030,PUNGGUR,Jl. Pelita RT. 08/03 Desa Punggur Kecil Kec. Sungai Kakap Kec. Pontianak Barat Kab. Kubu raya,Punggur Kecil,Sungai Kakap,-0.126639,109.246806,Green Field,62,4 KAKI,MENARATOWER5000020220623KUBURAYA,4326,,PT. TELKOMSEL,HC01050180,,POINT (109.246805555556 -0.126638888888889)
menaratelepon_ar_50k_10f62879eecb175b3f432c439e656c64.10,10,MPW031,SUNGAI_ASAM,JL. Parit Setia Rt.12 Rw.06 Ds.Sungai Asam Kec. Sukalanting Kab. Kubu Raya,Sungai Asam,Sungai Raya,-0.296972,109.567278,Green Field,72,4 KAKI,MENARATOWER5000020220623KUBURAYA,4326,,PT. TELKOMSEL,HC01050180,,POINT (109.567277777778 -0.296972222222222)
menaratelepon_ar_50k_10f62879eecb175b3f432c439e656c64.11,11,MPW022,PADANG_TIKAR,"Jl. Medan Sari RT. 05/III Desa Padang Tikar, Kec. Batu Ampar Kab.Mempawah / Kubu Raya",Padang Tikar,Batu Ampar,-0.695139,109.264361,Green Field,72,4 KAKI,MENARATOWER5000020220623KUBURAYA,4326,,PT. TELKOMSEL,HC01050180,,POINT (109.26436111111111 -0.6951388888888889)
menaratelepon_ar_50k_10f62879eecb175b3f432c439e656c64.12,12,MPW021,KUBU,"Dusun Karya Bersama RT.04/VI Desa Kubu, Kec. Kubu Kab. Mempawah / Kab. Kubu Raya",Kubu,Kubu,-0.491889,109.377444,,72,4 KAKI,MENARATOWER5000020220623KUBURAYA,4326,,PT. TELKOMSEL,HC01050180,,POINT (109.37744444444444 -0.4918888888888889)
menaratelepon_ar_50k_10f62879eecb175b3f432c439e656c64.13,13,MPW053,PERUM_TELUK_MULUS,Kompleks BTN Teluk Mulus rt03/03 kel.Teluk kapuas kec.Sei raya Kab.Kubu Raya,Teluk Kapuas,Sungai Raya,-0.105417,109.397917,Green Field,42,4 KAKI,MENARATOWER5000020220623KUBURAYA,4326,,PT. TELKOMSEL,HC01050180,,POINT (109.39791666666667 -0.1054166666666667)
menaratelepon_ar_50k_10f62879eecb175b3f432c439e656c64.14,14,MPW052,PANCAROBA / PANCAROBA EX LINGGA,JL. Trans Kalimantan Dusun Satu Desa  Pancaroba Kec. Sei Ambawang Kab. Kubu Raya,Pancaroba,Sungai Ambawang,-0.031361,109.604722,Green Field,72,4 KAKI,MENARATOWER5000020220623KUBURAYA,4326,,PT. TELKOMSEL,HC01050180,,POINT (109.60472222222222 -0.0313611111111111)
menaratelepon_ar_50k_10f62879eecb175b3f432c439e656c64.15,15,MPW045,KOREK / KOREK EX KAMP JAWA T / SUKAMARA 2,"Jl. Trans Kalimantan Kampung Jawa Tengah Desa Korek Kec. Sei Ambawang, Kab.Kubu Raya Desa Korek",Korek,Sungai Ambawang,-0.052417,109.515861,Green Field,72,4 KAKI,MENARATOWER5000020220623KUBURAYA,4326,,PT. TELKOMSEL,HC01050180,,POINT (109.51586111111111 -0.0524166666666667)
menaratelepon_ar_50k_10f62879eecb175b3f432c439e656c64.16,16,MPW026,SUNGAI_AMBAWANG,"Jl Lintas Kalimantan Kec. Sungai Ambawang, Kabupaten Kubu Raya",Sungai Ambawang,Sungai Ambawang,-0.038972,109.4135,Green Field,72,4 KAKI,MENARATOWER5000020220623KUBURAYA,4326,,PT. TELKOMSEL,HC01050180,,POINT (109.4135 -0.0389722222222222)
menaratelepon_ar_50k_10f62879eecb175b3f432c439e656c64.17,17,MPW036,BATU_AMPAR,Jl.Perintis Rt.03 Rw.01 Desa Sungai Limau Kec.Batu Ampar Kab.Kubu Raya / Pontianak,Sungai Limau,Batu Ampar,-0.739778,109.533111,Green Field,92,4 KAKI,MENARATOWER5000020220623KUBURAYA,4326,,PT. TELKOMSEL,HC01050180,,POINT (109.53311111111111 -0.7397777777777778)
menaratelepon_ar_50k_10f62879eecb175b3f432c439e656c64.18,18,MPW126,SAJINGAN BESAR / JERUJU BESAR (PTK067),Jl.Jeruju Besar Rt01 Kel.Jeruju Besar Kec.Sei kakap Kab. Kubu Raya,Jeruju Besar,Sungai Kakap,-0.008556,109.196111,Green Field,72,4 KAKI,MENARATOWER5000020220623KUBURAYA,4326,,PT. TELKOMSEL,HC01050180,,POINT (109.19611111111111 -0.0085555555555556)
menaratelepon_ar_50k_10f62879eecb175b3f432c439e656c64.19,19,MPW060,DS JAWA TENGAH / SUNGAI AMBAWANG-CAP,Jl. Trans Kalimantan Rt.01 Rw.2 Desa jateng Kec. Sei Ambawang Kab. Kubu Raya,Jawa Tengah,Sungai Ambawang,-0.0375,109.467806,Green Field,72,4 KAKI,MENARATOWER5000020220623KUBURAYA,4326,,PT. TELKOMSEL,HC01050180,,POINT (109.46780555555556 -0.0375)
menaratelepon_ar_50k_10f62879eecb175b3f432c439e656c64.20,20,PTK042,TELOK PEKADAI-31,"Teluk Pakedai Rt 03/01, kel selat remis Kec. Telok Pekadai  Kab. Pontianak",Selat Remis,Teluk Pakedai,-0.312583,109.15125,Green Field,72,4 KAKI,MENARATOWER5000020220623KUBURAYA,4326,,PT. TELKOMSEL,HC01050180,,POINT (109.15125 -0.3125833333333333)
menaratelepon_ar_50k_10f62879eecb175b3f432c439e656c64.21,21,PTK043,KUALA MANDOR,"Rt02/ 04 Kel Kuala Mandor B, Kec Kuala Mandor, Kab Kubu Raya",Kuala Mandor B,Kuala Mandor B,-0.008639,109.44925,Green Field,72,4 KAKI,MENARATOWER5000020220623KUBURAYA,4326,,PT. TELKOMSEL,HC01050180,,POINT (109.44925 -0.0086388888888889)
menaratelepon_ar_50k_10f62879eecb175b3f432c439e656c64.22,22,MPW067,SUNGAI SELAMAT,Dusun Karya Bakti Rt.04/II desa Sungai Selamat Kec. Kubu Kab. Kubu Raya Kalbar,Sungai Selamat,Kubu,-0.395056,109.211444,,72,4 KAKI,MENARATOWER5000020220623KUBURAYA,4326,,PT. TELKOMSEL,HC01050180,,POINT (109.21144444444445 -0.3950555555555556)
menaratelepon_ar_50k_10f62879eecb175b3f432c439e656c64.23,23,MPW046,KALIMAS / PUNGGUR 2,"Jl. Raya Kalimas Dusun Mawar, Desa Sungai Kakap Kec. Sungai Kakap Kab. Kubu Raya",Kalimas,Sungai Kakap,-0.09325,109.227333,Green Field,62,4 KAKI,MENARATOWER5000020220623KUBURAYA,4326,,PT. TELKOMSEL,HC01050180,,POINT (109.22733333333333 -0.09325)
menaratelepon_ar_50k_10f62879eecb175b3f432c439e656c64.24,24,MPW058,SEI BEMBAN / ROAD KOTABARU - BEMBAN,Jl. Hasanuddin rt.24 rw.08 Sei Bemban Kec. Sungai kakap Kab. Kubu Raya,Punggur Kecil,Sungai Kakap,-0.100056,109.286083,Green Field,72,4 KAKI,MENARATOWER5000020220623KUBURAYA,4326,,PT. TELKOMSEL,HC01050180,,POINT (109.28608333333334 -0.1000555555555556)
menaratelepon_ar_50k_10f62879eecb175b3f432c439e656c64.25,25,MPW144,TPI JERUJU EX LANCAK BADAU / TPI JERUJU (PTK076),Jl. Pramuka RT.28/Rw.10 Kel. Sungai Rengas Kec. Sungai Kakap Kab.  Kubu Raya,Sungai Rengas,Sungai Kakap,-0.005306,109.270222,Green Field,42,4 KAKI,MENARATOWER5000020220623KUBURAYA,4326,,PT. TELKOMSEL,HC01050180,,POINT (109.27022222222222 -0.0053055555555556)
menaratelepon_ar_50k_10f62879eecb175b3f432c439e656c64.53,53,16MPW017,kubu_ptk,Jl Suprapto RT.03 RW.08 Dusun Karya Bersama,Kubu,Kubu,-0.490204,109.380673,green field,70,4 KAKI,MENARATOWER5000020220623KUBURAYA,4326,,PT. INDOSAT,HC01050180,,POINT (109.38067252 -0.49020432)
menaratelepon_ar_50k_10f62879eecb175b3f432c439e656c64.26,26,MPW011,PONTIANAK_AIRPORT,"Komp. Pemancar Angkasa Pura, Jl. Adisucipto, Kec. Pontianak Selatan Kab. Kubu Raya",Arang Limbung,Sungai Raya,-0.141111,109.410361,Green Field,40,4 KAKI,MENARATOWER5000020220623KUBURAYA,4326,,PT. TELKOMSEL,HC01050180,,POINT (109.41036111111111 -0.1411111111111111)
menaratelepon_ar_50k_10f62879eecb175b3f432c439e656c64.27,27,MPW063,TANJUNG RAYA II / DENZIBANG II / DESA KAPUR,Jl. Tanjung Raya II RT. 01 RW. 03 Kel. Ds Kapur Kec. Mempawah Hilir Kab. Kubu Raya,Kapur,Sungai Raya,-0.070222,109.390333,Green Field,72,4 KAKI,MENARATOWER5000020220623KUBURAYA,4326,,PT. TELKOMSEL,HC01050180,,POINT (109.39033333333334 -0.0702222222222222)
menaratelepon_ar_50k_10f62879eecb175b3f432c439e656c64.28,28,MPW054,DS MEKAR SARI EX KUALA DUA-CAP EX BALAI BERKUAK,"Jl. Kuala Dua - Sungai Asam, RT1/1, Ds Mekar Sari, Kec. Sei Raya, Kab. Kubu Raya",Mekar Sari,Sungai Raya,-0.21525,109.468,Green Field,72,4 KAKI,MENARATOWER5000020220623KUBURAYA,4326,,PT. TELKOMSEL,HC01050180,,POINT (109.468 -0.21525)
menaratelepon_ar_50k_10f62879eecb175b3f432c439e656c64.29,29,MPW062,MASTURA BATU AMPAR,Jl pendidikan Ds Teluk Mastura RT 17 RW 003 Kec. Batu Ampar  Kab. Kubu Raya / Pontianak,Teluk Mastura,Batu Ampar,-0.751611,109.542361,Green Field,72,4 KAKI,MENARATOWER5000020220623KUBURAYA,4326,,PT. TELKOMSEL,HC01050180,,POINT (109.5423611111111 -0.7516111111111111)
menaratelepon_ar_50k_10f62879eecb175b3f432c439e656c64.30,30,MPW059,BINA KARYA,"Jl. Sultan Agung, Dusun 6 Binakarya, Desa Rasau Jaya 1, Kec. Rasau Jaya Kab. Kubu Raya",Rasau Jaya 1,Rasau Jaya,-0.225194,109.387917,Green Field,72,4 KAKI,MENARATOWER5000020220623KUBURAYA,4326,,PT. TELKOMSEL,HC01050180,,POINT (109.38791666666667 -0.2251944444444444)
menaratelepon_ar_50k_10f62879eecb175b3f432c439e656c64.31,31,MPW010,STO_SUNGAI_RAYA / SUNGAI RAYA,"Komp. Pondok Indah Lestari, Jl. A.Yani 2, Kec. Pontianak Timur Kab. Kubu Raya",Sungai Raya,Sungai Raya,-0.08625,109.3755,Green Field,42,4 KAKI,MENARATOWER5000020220623KUBURAYA,4326,,PT. TELKOMSEL,HC01050180,,POINT (109.37549999999999 -0.08625)
menaratelepon_ar_50k_10f62879eecb175b3f432c439e656c64.32,32,MPW072,PENEMPAT EX TAYAN ROAD,"Jl. Trans Kalimantan Dsn. Lintang Batang Rt 06 Rw 03 Ds. Teluk Bakung Kec. Sei Ambawang Kab. Kubu Raya KalBar
",Teluk Bakung,Sungai Ambawang,-0.014167,109.695278,Green Field,72,4 KAKI,MENARATOWER5000020220623KUBURAYA,4326,,PT. TELKOMSEL,HC01050180,,POINT (109.69527777777778 -0.0141666666666667)
menaratelepon_ar_50k_10f62879eecb175b3f432c439e656c64.33,33,MPW075,BINTANG MAS,"Jl. Sentosa TR 7 Dsn Mulyo Rejo, Mempawah, Kec. Rasau Jaya Kab. Kubu Raya",Bintang Mas 2,Rasau Jaya,-0.266944,109.281944,Green Field,72,4 KAKI,MENARATOWER5000020220623KUBURAYA,4326,,PT. TELKOMSEL,HC01050180,,POINT (109.28194444444445 -0.2669444444444444)
menaratelepon_ar_50k_10f62879eecb175b3f432c439e656c64.34,34,MPW071,TERENTANG,"Desa Terentang Hilir RT 01 RW 01 Dusun Beringin Kec. Terentang, Kab. Kubu Raya. Kalimantan Barat",Terentang Hilir,Terentang,-0.384167,109.626944,Green Field,72,4 KAKI,MENARATOWER5000020220623KUBURAYA,4326,,PT. TELKOMSEL,HC01050180,,POINT (109.62694444444443 -0.3841666666666667)
menaratelepon_ar_50k_10f62879eecb175b3f432c439e656c64.35,35,MPW077,Sule Bagas,Jl. Trans Kalimantan Dusun Sule Bagas RT 003 RW 001 Desa Korek Kecamatan Sungai Ambawang,Korek,Sungai Ambawang,0.044111,109.557889,Green Field,42,4 KAKI,MENARATOWER5000020220623KUBURAYA,4326,,PT. TELKOMSEL,HC01050180,,POINT (109.55788888888888 0.0441111111111111)
menaratelepon_ar_50k_10f62879eecb175b3f432c439e656c64.36,36,MPW047,SUNGAI RENGAS,"Jl. Berembang kec sungai Kakap kel. Sei Rengas,Kab. Kubu Raya",Sungai Rengas,Sungai Kakap,-0.006556,109.238167,Green Field,72,4 KAKI,MENARATOWER5000020220623KUBURAYA,4326,,PT. TELKOMSEL,HC01050180,,POINT (109.238166666667 -0.0065555555555556)
menaratelepon_ar_50k_10f62879eecb175b3f432c439e656c64.37,37,MPW029,TELUK_NIBUNG,Desa Teluk Nibung Kecamatan Batu Ampar Kabupaten Kubu Raya Kalbar,Teluk Nibung,Batu Ampar,-0.792639,109.468667,Green Field,82,4 KAKI,MENARATOWER5000020220623KUBURAYA,4326,,PT. TELKOMSEL,HC01050180,,POINT (109.46866666666666 -0.7926388888888889)
menaratelepon_ar_50k_10f62879eecb175b3f432c439e656c64.38,38,MPW149,DESA SETIA BARU,Ds. Teluk Nibung rt12/rw10,Teluk Nibung,Batu Ampar,-0.81525,109.49311,Green Field,0,4 KAKI,MENARATOWER5000020220623KUBURAYA,4326,,PT. TELKOMSEL,HC01050180,,POINT (109.49311 -0.81525)
menaratelepon_ar_50k_10f62879eecb175b3f432c439e656c64.39,39,16MPW001,airport_pontianak,"Komp. Bandara Supadio, Ruang TX",Arang Limbung,Sungai Raya,-0.141472,109.410139,Green Field,40,4 KAKI,MENARATOWER5000020220623KUBURAYA,4326,,PT. INDOSAT,HC01050180,,POINT (109.410138888889 -0.141472222222222)
menaratelepon_ar_50k_10f62879eecb175b3f432c439e656c64.40,40,16PTK006,sungai_raya (PIL),"Komp. Pondok Indah Lestari, Blok G-2, No.9-10 Desa Sungai Raya",Sungai Raya,Sungai Raya,-0.086472,109.376222,Green Field,43,4 KAKI,MENARATOWER5000020220623KUBURAYA,4326,,PT. INDOSAT,HC01050180,,POINT (109.376222222222 -0.0864722222222222)
menaratelepon_ar_50k_10f62879eecb175b3f432c439e656c64.41,41,16MPW006,Pasar Rasau Jaya,Jl Sudirman RT.30 RW.08 Desa Rasau Jaya I,Rasau Jaya 1,Rasau Jaya,-0.248306,109.371583,green field,70,4 KAKI,MENARATOWER5000020220623KUBURAYA,4326,,PT. INDOSAT,HC01050180,,POINT (109.371583333333 -0.248305555555556)
menaratelepon_ar_50k_10f62879eecb175b3f432c439e656c64.42,42,16MPW010,sei_kumpai,"Jl. Selat Madura, RT.002/02 Sungai.Kumpai Sei Adong",Kuala Dua,Sungai Raya,-0.174083,109.435889,Green Field,45,4 KAKI,MENARATOWER5000020220623KUBURAYA,4326,,PT. INDOSAT,HC01050180,,POINT (109.435888888889 -0.174083333333333)
menaratelepon_ar_50k_10f62879eecb175b3f432c439e656c64.43,43,16MPW009,sungai_kakap,"JL. Raya Sungai Kakap, KM. 18 RT.25 RW. 25 Desa Sungai kakap",Sungai Kakap,Sungai Kakap,-0.056444,109.194278,Green Field,70,4 KAKI,MENARATOWER5000020220623KUBURAYA,4326,,PT. INDOSAT,HC01050180,,POINT (109.194277777778 -0.0564444444444444)
menaratelepon_ar_50k_10f62879eecb175b3f432c439e656c64.44,44,16MPW026,teluk_air,Dusun Teluk Air,Batu Ampar,Batu Ampar,-0.729861,109.565889,Green Field,100,4 KAKI,MENARATOWER5000020220623KUBURAYA,4326,,PT. INDOSAT,HC01050180,,POINT (109.565889 -0.729861)
menaratelepon_ar_50k_10f62879eecb175b3f432c439e656c64.45,45,16PTK017,arang_limbung,"Jl. Adisucipto KM 11,9 Gg Darma Jaya RT.01 RW.03",Arang Limbung,Sungai Raya,-0.10325,109.407444,Green Field,40,4 KAKI,MENARATOWER5000020220623KUBURAYA,4326,,PT. INDOSAT,HC01050180,,POINT (109.407444444444 -0.10325)
menaratelepon_ar_50k_10f62879eecb175b3f432c439e656c64.46,46,16KTP009,batu_ampar_ptk,Komp. Psar Batu Ampar Jl Dermaga RT.05 RW.02 Desa batu Ampar,Batu Ampar,Batu Ampar,-0.743417,109.537139,Green Field,70,4 KAKI,MENARATOWER5000020220623KUBURAYA,4326,,PT. INDOSAT,HC01050180,,POINT (109.537138888889 -0.743416666666667)
menaratelepon_ar_50k_10f62879eecb175b3f432c439e656c64.47,47,16MPW016,tpi,Jl Sungai Udang Km.8 RT. 01/08 Desa Jeruju Besar,Jeruju Besar,Sungai Kakap,-0.011111,109.224083,Green Field,70,4 KAKI,MENARATOWER5000020220623KUBURAYA,4326,,PT. INDOSAT,HC01050180,,POINT (109.224083333333 -0.0111111111111111)
menaratelepon_ar_50k_10f62879eecb175b3f432c439e656c64.48,48,16MPW027,padang_tikar,Jl Medan Sari Gg. Samudra Desa Padang Tikar II,Padang Tikar II,Batu Ampar,-0.696528,109.263278,Green Field,70,4 KAKI,MENARATOWER5000020220623KUBURAYA,4326,,PT. INDOSAT,HC01050180,,POINT (109.263277777778 -0.696527777777778)
menaratelepon_ar_50k_10f62879eecb175b3f432c439e656c64.49,49,16PTK030,sei_ambawang,Jl Trans Kalimantan RT.08 RW.01 Desa Ambawang Kuala,Ambawang Kuala,Sungai Ambawang,-0.032278,109.393278,Green Field,55,4 KAKI,MENARATOWER5000020220623KUBURAYA,4326,,PT. INDOSAT,HC01050180,,POINT (109.393277777778 -0.0322777777777778)
menaratelepon_ar_50k_10f62879eecb175b3f432c439e656c64.50,50,16MPW020,punggur_ptk,"Jl Pelita 1, RT.06 RW.03, Desa Punggur Kecil",Punggur Kecil,Sungai Kakap,-0.124498,109.243279,Green Field,70,4 KAKI,MENARATOWER5000020220623KUBURAYA,4326,,PT. INDOSAT,HC01050180,,POINT (109.243279 -0.124498)
menaratelepon_ar_50k_10f62879eecb175b3f432c439e656c64.51,51,16PTK023,rsu_soedarso,"Jl. Sungai Raya, No.8 Desa Sungai Raya",Sungai Raya,Sungai Raya,-0.062333,109.366139,Green Field,42,4 KAKI,MENARATOWER5000020220623KUBURAYA,4326,,PT. INDOSAT,HC01050180,,POINT (109.366138888889 -0.0623333333333333)
menaratelepon_ar_50k_10f62879eecb175b3f432c439e656c64.52,52,16MPW019,drm_rasau,Kampung Harapan Setya RT.12 RW.06 Desa Sungai Asem Kampung,Sungai Asam,Sungai Raya,-0.296619,109.567921,green field,70,4 KAKI,MENARATOWER5000020220623KUBURAYA,4326,,PT. INDOSAT,HC01050180,,POINT (109.56792069 -0.29661885)
menaratelepon_ar_50k_10f62879eecb175b3f432c439e656c64.54,54,16MPW023,terentang,Jl Pelangi RT.01 RW.08 Desa Terentang Hilir,Terentang Hilir,Terentang,-0.384221,109.627335,green field,70,4 KAKI,MENARATOWER5000020220623KUBURAYA,4326,,PT. INDOSAT,HC01050180,,POINT (109.62733463 -0.38422105)
menaratelepon_ar_50k_10f62879eecb175b3f432c439e656c64.55,55,16PTK053,nipah kuning,Jl Pramuka Gg. Kasturi RT.020 RW.007 Desa Sungai Rengas,Sungai Rengas,Sungai Kakap,-0.004722,109.262361,Green Field,52,4 KAKI,MENARATOWER5000020220623KUBURAYA,4326,,PT. INDOSAT,HC01050180,,POINT (109.262361111111 -0.0047222222222222)
menaratelepon_ar_50k_10f62879eecb175b3f432c439e656c64.56,56,16MPW041,desa korek (RD TO Tayan Ambawang 2),Dusun Jaya Paraya RT.03 RW.01 Desa Korek,Korek,Sungai Ambawang,-0.040101,109.540271,Green Field,72,4 KAKI,MENARATOWER5000020220623KUBURAYA,4326,,PT. INDOSAT,HC01050180,,POINT (109.54027084 -0.04010096)
menaratelepon_ar_50k_10f62879eecb175b3f432c439e656c64.57,57,16MPW044,dabung,Dusun Mekar Jaya RT.01 RW.01 Desa Dabung,Dabung,Kubu,-0.589417,109.256083,green field,72,4 KAKI,MENARATOWER5000020220623KUBURAYA,4326,,PT. INDOSAT,HC01050180,,POINT (109.256083333333 -0.589416666666667)
menaratelepon_ar_50k_10f62879eecb175b3f432c439e656c64.58,58,16PTK038,parit_mayor/Kp Kapur,"Jl. Desa Kapur, RT. 01 RW.04, Kel.Kapur",Kapur,Sungai Raya,-0.062829,109.380935,Green Field,70,4 KAKI,MENARATOWER5000020220623KUBURAYA,4326,,PT. INDOSAT,HC01050180,,POINT (109.38093469 -0.06282936)
menaratelepon_ar_50k_10f62879eecb175b3f432c439e656c64.59,59,16MPW025,pancaroba,dusun 1 Desa Pancaroba RT.06 RW.01,Pancaroba,Sungai Ambawang,-0.030311,109.609984,Green Field,70,4 KAKI,MENARATOWER5000020220623KUBURAYA,4326,,PT. INDOSAT,HC01050180,,POINT (109.609984 -0.030311)
menaratelepon_ar_50k_10f62879eecb175b3f432c439e656c64.60,60,16MPW040,Kampung Jawa Tengah (rd To Tayan Ambawang 1),Jl Trans Kalimantan dusun Karya RT.01 RW.02 Desa Sungai Ambawang,Sungai Ambawang,Sungai Ambawang,-0.036008,109.463793,Green Field,70,4 KAKI,MENARATOWER5000020220623KUBURAYA,4326,,PT. INDOSAT,HC01050180,,POINT (109.46379275 -0.0360077)
menaratelepon_ar_50k_10f62879eecb175b3f432c439e656c64.61,61,16MPW043,Rd To Rasau Jaya,Jl Rasau Jaya Dusun III RT.26 RW.08,Rasau Jaya,Rasau Jaya,-0.211735,109.393508,green field,52,4 KAKI,MENARATOWER5000020220623KUBURAYA,4326,,PT. INDOSAT,HC01050180,,POINT (109.393508 -0.211735)
menaratelepon_ar_50k_10f62879eecb175b3f432c439e656c64.62,62,16MPW050,kampung_kapur,"Jl. Desa Kapur , Kampung P. Pak Reweng RT.02 RW.05",Kapur,Sungai Raya,-0.080167,109.401472,Green Field,52,4 KAKI,MENARATOWER5000020220623KUBURAYA,4326,,PT. INDOSAT,HC01050180,,POINT (109.401472222222 -0.0801666666666667)
menaratelepon_ar_50k_10f62879eecb175b3f432c439e656c64.63,63,16PTK062,rd_to_kakap,JL. Raya Sungai Kakap  Desa Pal IX,Pal IX,Sungai Kakap,-0.066306,109.242806,Green Field,72,4 KAKI,MENARATOWER5000020220623KUBURAYA,4326,,PT. INDOSAT,HC01050180,,POINT (109.242805555556 -0.0663055555555556)
menaratelepon_ar_50k_10f62879eecb175b3f432c439e656c64.64,64,16PTK066,Teluk Mulus,"Jl. Adisucipto KM 9,8 Desa Sungai Raya",Sungai Raya,Sungai Raya,-0.093361,109.39275,Green Field,42,4 KAKI,MENARATOWER5000020220623KUBURAYA,4326,,PT. INDOSAT,HC01050180,,POINT (109.39275 -0.0933611111111111)
menaratelepon_ar_50k_10f62879eecb175b3f432c439e656c64.65,65,16MPW049,bakung (Penempat),Jl Trans Kalimantan RT.03 RW.02 Desa Teluk Bakung,Teluk Bakung,Sungai Ambawang,-0.01584,109.696801,Green Field,72,4 KAKI,MENARATOWER5000020220623KUBURAYA,4326,,PT. INDOSAT,HC01050180,,POINT (109.696801 -0.01584)
menaratelepon_ar_50k_10f62879eecb175b3f432c439e656c64.66,66,16MPW045,teluk pakedai,Dusun Swadaya RT.02 RW.02 Desa Selat Remis,Selat Remis,Teluk Pakedai,-0.313111,109.148944,green field,72,4 KAKI,MENARATOWER5000020220623KUBURAYA,4326,,PT. INDOSAT,HC01050180,,POINT (109.148944 -0.313111)
menaratelepon_ar_50k_10f62879eecb175b3f432c439e656c64.67,67,16MPW054,Sungai Ambangah,"Jl Karya Desa, RT.02 RW.01 Desa Sungai Ambangah",Sungai Ambangah,Sungai Raya,-0.136614,109.437819,Green Field,52,4 KAKI,MENARATOWER5000020220623KUBURAYA,4326,,PT. INDOSAT,HC01050180,,POINT (109.437819 -0.136614)
menaratelepon_ar_50k_10f62879eecb175b3f432c439e656c64.68,68,16PTK071,Bintang Mas,Dusun Mulyo rejo RT.04 RW.04 Desa Bintang Mas,Bintang Mas,Rasau Jaya,-0.268565,109.286218,green field,52,4 KAKI,MENARATOWER5000020220623KUBURAYA,4326,,PT. INDOSAT,HC01050180,,POINT (109.286218 -0.268565)
menaratelepon_ar_50k_10f62879eecb175b3f432c439e656c64.69,69,3412,Sungai Raya,GG. Permata rt9/rw9 ds. Sungai raya,Sui Raya,Sui Raya,-0.109472,109.388,Green Field,50,3 KAKI,MENARATOWER5000020220623KUBURAYA,4326,,PT. XL AXIATA,HC01050180,,POINT (109.388 -0.109472)
menaratelepon_ar_50k_10f62879eecb175b3f432c439e656c64.70,70,3405,Airport Pontianak,"Jl. Adisucipto, Bandara supadio",Arang Limbung,Sui Raya,-0.141028,109.41,Green Field,30,4 KAKI,MENARATOWER5000020220623KUBURAYA,4326,,PT. XL AXIATA,HC01050180,,POINT (109.41 -0.141028)
menaratelepon_ar_50k_10f62879eecb175b3f432c439e656c64.71,71,3413,Sungai Kakap,Jl. Sungai kakap kp. Sungai kakap,Sui Kakap,Sui Kakap,-0.006556,109.272,Green Field,70,3 KAKI,MENARATOWER5000020220623KUBURAYA,4326,,PT. XL AXIATA,HC01050180,,POINT (109.272 -0.006556)
menaratelepon_ar_50k_10f62879eecb175b3f432c439e656c64.72,72,C415,Rasau Jaya,Jl. Pahlawan no 1 ds. Rasau jaya 1,Rasau Jaya 1,Rasau Jaya,-0.252361,109.371,green field,70,,MENARATOWER5000020220623KUBURAYA,4326,,PT. XL AXIATA,HC01050180,,POINT (109.371 -0.252361)
menaratelepon_ar_50k_10f62879eecb175b3f432c439e656c64.73,73,CD06,Kubu,Dsn fajar karya rt4/rw10,Kubu,Kubu,-0.503694,109.371,,90,4 KAKI,MENARATOWER5000020220623KUBURAYA,4326,,PT. XL AXIATA,HC01050180,,POINT (109.371 -0.503694)
menaratelepon_ar_50k_10f62879eecb175b3f432c439e656c64.74,74,CD05,CD05,jl .Sepakat no 14 rt2/rw2 dsn swadaya selat remis,Selat Remis,Teluk Pakedai,-0.313972,109.151,green field,71,4 KAKI,MENARATOWER5000020220623KUBURAYA,4326,,PT. XL AXIATA,HC01050180,,POINT (109.151 -0.313972)
menaratelepon_ar_50k_10f62879eecb175b3f432c439e656c64.75,75,2111022,Ahmad Yani Road,Jl. Ahmad yani II gg. Madu sari,Madu Sari,Sui Raya,-0.094139,109.379,Green Field,36,,MENARATOWER5000020220623KUBURAYA,4326,,PT. XL AXIATA,HC01050180,,POINT (109.379 -0.094139)
menaratelepon_ar_50k_10f62879eecb175b3f432c439e656c64.76,76,CD07,Teluk Nibung,"Parit sidodadi, dsn sidodadi ds. Teluk nibung",Teluk Nibung,Batu Ampar,-0.035778,109.452,Green Field,120,4 KAKI,MENARATOWER5000020220623KUBURAYA,4326,,PT. XL AXIATA,HC01050180,,POINT (109.452 -0.035778)
menaratelepon_ar_50k_10f62879eecb175b3f432c439e656c64.77,77,KAL-WKL-0008-X-P,RASAU JAYA,RT20/RW06 Dusun III Rejo Agung Desa Rasau Jaya  I Kecamatan Rasau Jaya,Rasau Jaya 1,Rasau Jaya,-0.25177,109.37033,green field,71,3 KAKI,MENARATOWER5000020220623KUBURAYA,4326,,PT. PROTELINDO,HC01050180,,POINT (109.37033 -0.25177)
menaratelepon_ar_50k_10f62879eecb175b3f432c439e656c64.78,78,KAL-WKL-0001-M-B,Bandara supadio,jl. Sungai Adong RT08/RW02 Desa Kual Dua Kec. Sungai Raya kab. Pontianak,Kuala Dua,Sungai Raya,-0.17378,109.43591,Green Field,45,3 KAKI,MENARATOWER5000020220623KUBURAYA,4326,,PT. PROTELINDO,HC01050180,,POINT (109.43591 -0.17378)
menaratelepon_ar_50k_10f62879eecb175b3f432c439e656c64.79,79,KAL-WKL-0003-M-B,Gang Terpadu,RT01/RW01 Dsn. Karya II Ds. Jawa Tengah Kecamatan Sungai Ambawang Kab. Pontianak,Jawa Tengah,Sungai Ambawang,-0.03509,109.45073,Green Field,62,3 KAKI,MENARATOWER5000020220623KUBURAYA,4326,,PT. PROTELINDO,HC01050180,,POINT (109.45073 -0.03509)
menaratelepon_ar_50k_10f62879eecb175b3f432c439e656c64.80,80,KAL-WKL-0005-X-P,AHMAD YANI ROAD,"Jl. Ahmad Yani II Gg. Madu Sari Rt.004/Rw.005 Desa Arang Limbung, Kec. Sungai Raya",Arang Limbung,Sungai Raya,-0.10711,109.38944,Green Field,36,3 KAKI,MENARATOWER5000020220623KUBURAYA,4326,,PT. PROTELINDO,HC01050180,,POINT (109.38944 -0.10711)
menaratelepon_ar_50k_10f62879eecb175b3f432c439e656c64.81,81,KAL-WKL-0010-M-B,Arang Limbung,"Jl. Adisucipto KM 11,9 Perum. Arang Limbung Asri Rt.02/01 Desa Arang Limbung Kec. Sungai Raya Kab. Kubu Raya",Arang Limbung,Sungai Raya,-0.10219,109.40908,Green Field,43,3 KAKI,MENARATOWER5000020220623KUBURAYA,4326,,PT. PROTELINDO,HC01050180,,POINT (109.40908 -0.10219)
menaratelepon_ar_50k_10f62879eecb175b3f432c439e656c64.82,82,140185,SUNGAI RENGAS,"JL. Sungai Barembang RT. 001 RW. 04 Dusun II Desa Sungai Rengas Kec. Sungai Kakap, Kab. Kubu Raya",Sungai Rengas,Sungai Kakap,-0.00906,109.23767,Green Field,52,3 KAKI,MENARATOWER5000020220623KUBURAYA,4326,,PT. PROTELINDO,HC01050180,,POINT (109.23767 -0.00906)
menaratelepon_ar_50k_10f62879eecb175b3f432c439e656c64.83,83,140055,MEKAR SARI PTK,"Dusun Pelita RT. 001 RW. 06 Desa Mekarsari Kec. Sungai Raya, Kab. Kubu Raya",Mekar Sari,Sungai Raya,-0.21528,109.46794,Green Field,52,3 KAKI,MENARATOWER5000020220623KUBURAYA,4326,,PT. PROTELINDO,HC01050180,,POINT (109.46794 -0.21528)
menaratelepon_ar_50k_10f62879eecb175b3f432c439e656c64.84,84,140094,H095,"JL. Parit H. Muksin RT. 013 RW. 08 Desa Sungai Raya, Kec. Sungai Raya Kab. Kubu Raya",Sungai Raya,Sungai Raya,0.09829,109.36266,Green Field,52,3 KAKI,MENARATOWER5000020220623KUBURAYA,4326,,PT. PROTELINDO,HC01050180,,POINT (109.36266 0.09829)
menaratelepon_ar_50k_10f62879eecb175b3f432c439e656c64.85,85,140100,ARANG JAYA,"JL. Adisucipto Gg. Tri Darma RT. 002 RW. 004 Desa Arang Limbung Kec. Sungai Raya, Kab. Kubu Raya",Arang Limbung,Sungai Raya,-0.11382,109.41023,Green Field,42,3 KAKI,MENARATOWER5000020220623KUBURAYA,4326,,PT. PROTELINDO,HC01050180,,POINT (109.41023 -0.11382)
menaratelepon_ar_50k_10f62879eecb175b3f432c439e656c64.86,86,140103,H104,"Dusun Keramat I RT. 026 RW. 01 Desa Kuala Dua, Kec. Sungai Raya, Kab. Kubu Raya",Kuala Dua,Sungai Raya,-0.15494,109.42361,Green Field,42,4 KAKI,MENARATOWER5000020220623KUBURAYA,4326,,PT. PROTELINDO,HC01050180,,POINT (109.42361 -0.15494)
menaratelepon_ar_50k_10f62879eecb175b3f432c439e656c64.87,87,140141,ARANG LIMBUNG 3,"JL. Arteri Supadio Gg. Bersama RT. 007 RW. 10 Desa Arang Limbung Kec. Sungai Raya, Kab. Kubu Raya",Arang Limbung,Sungai Raya,-0.1111,109.39514,Green Field,42,3 KAKI,MENARATOWER5000020220623KUBURAYA,4326,,PT. PROTELINDO,HC01050180,,POINT (109.39514 -0.1111)
menaratelepon_ar_50k_10f62879eecb175b3f432c439e656c64.88,88,140368,NURUL HUDA,"JL. Nurul Huda Gg. Taruna I RT. 006 RW. 07 Desa Sungai Raya Kec. Sungai Raya, Kab. Kubu Raya",Sungai Raya,Sungai Raya,-0.0798,109.3791,Green Field,42,3 KAKI,MENARATOWER5000020220623KUBURAYA,4326,,PT. PROTELINDO,HC01050180,,POINT (109.3791 -0.0798)
menaratelepon_ar_50k_10f62879eecb175b3f432c439e656c64.89,89,KAL-WKL-0012-H-P,KARYA II,"Dusun Karya II RT. 004 RW. 04 Desa Kuala Dua, Kec. Sungai Raya, Kab. Kubu raya",Kuala Dua,Sungai Raya,-0.19685,109.4504,Green Field,52,3 KAKI,MENARATOWER5000020220623KUBURAYA,4326,,PT. PROTELINDO,HC01050180,,POINT (109.4504 -0.19685)
menaratelepon_ar_50k_10f62879eecb175b3f432c439e656c64.90,90,140340,PRAMUKA,"JL. Pramuka RT. 008 RW. 10 Dusun V Desa Sungai Rengas Kec. Sungai Kakap, Kab. Kubu Raya.",Sungai Rengas,Sungai Kakap,-0.00668,109.28487,Green Field,42,3 KAKI,MENARATOWER5000020220623KUBURAYA,4326,,PT. PROTELINDO,HC01050180,,POINT (109.28487 -0.00668)
menaratelepon_ar_50k_10f62879eecb175b3f432c439e656c64.91,91,140108,SUNGAI AMBAWANG,"RT. 001 RW. 005 Desa Sungai Ambawang Kuala, Kec. Sungai Ambawang Kab. Kubu Raya",Sungai Ambawang Kuala,Sungai Ambawang,-0.02873,109.38661,Green Field,52,3 KAKI,MENARATOWER5000020220623KUBURAYA,4326,,PT. PROTELINDO,HC01050180,,POINT (109.38661 -0.02873)
menaratelepon_ar_50k_10f62879eecb175b3f432c439e656c64.92,92,140341,PARIT AIM AMBAWANG,"Dusun III Parit Aim RT. 004 RW. 003 Desa Sungai Ambawang Kuala, Kec. Sungai Ambawang, Kab. Kubu Raya",Sungai Ambawang Kuala,Sungai Ambawang,-0.03673,109.41427,Green Field,52,3 KAKI,MENARATOWER5000020220623KUBURAYA,4326,,PT. PROTELINDO,HC01050180,,POINT (109.41427 -0.03673)
menaratelepon_ar_50k_10f62879eecb175b3f432c439e656c64.93,93,140134,RASAU JAYA III,JL. Budi Utomo RT. 021 RW. 006 Dusun III Kec. Rasau Jaya,Rasau Jaya 3,Rasau Jaya,-0.245,109.356,green field,72,3 KAKI,MENARATOWER5000020220623KUBURAYA,4326,,PT. PROTELINDO,HC01050180,,POINT (109.356 -0.245)
menaratelepon_ar_50k_10f62879eecb175b3f432c439e656c64.94,94,140195,SECUNDER C,"JL. Rasau Jaya Dusun VI Bina Karya Desa Rasau Jaya I, Kec. Rasau Jaya, Kab. Kubu Raya",Rasau Jaya 1,Rasau Jaya,-0.232,109.382,green field,52,3 KAKI,MENARATOWER5000020220623KUBURAYA,4326,,PT. PROTELINDO,HC01050180,,POINT (109.382 -0.232)
menaratelepon_ar_50k_10f62879eecb175b3f432c439e656c64.95,95,140196,KARYA BERSAMA,"Dusun Karya Bersama RT. 001 RW. 007 Desa Kubu, Kec. Kubu, Kab. Kubu Raya",Kubu,Kubu,-0.48788,109.37753,Green Field,72,4 KAKI,MENARATOWER5000020220623KUBURAYA,4326,,PT. PROTELINDO,HC01050180,,POINT (109.37753 -0.48788)
menaratelepon_ar_50k_10f62879eecb175b3f432c439e656c64.96,96,140186,PAL 9,"JL. Raya Sungai Kakap, RT. 10 RW. III, Desa Pal IX, Kec. Sungai Kakap, Kab. Kubu Raya",Pal IX,Sungai Kakap,-0.06163,109.25604,Green Field,52,3 KAKI,MENARATOWER5000020220623KUBURAYA,4326,,PT. PROTELINDO,HC01050180,,POINT (109.25604 -0.06163)
menaratelepon_ar_50k_10f62879eecb175b3f432c439e656c64.97,97,140404,SUNGAI KAKAP,"JL. Tani Jaya 2 RT. 005 RW. 12 Dusun Cendrawasih, Kec. Sungai Kakap. Kab. Kubu Raya",Sungai Kakap,Sungai Kakap,-0.05433,109.22469,Green Field,52,3 KAKI,MENARATOWER5000020220623KUBURAYA,4326,,PT. PROTELINDO,HC01050180,,POINT (109.22469 -0.05433)
menaratelepon_ar_50k_10f62879eecb175b3f432c439e656c64.98,98,KAL-WKL-0092-H-B,A Yani II,Jl. Parit H. Muksin RT 004 RW 08 Desa Sungai Raya Dalam Kec. Sungai Raya Kab. kubu Raya,Sungai Raya Dalam,Sungai Raya,-0.08732,109.36707,Pole,25,4 KAKI,MENARATOWER5000020220623KUBURAYA,4326,,PT. PROTELINDO,HC01050180,,POINT (109.36707 -0.08732)
menaratelepon_ar_50k_10f62879eecb175b3f432c439e656c64.99,99,KAL-WKL-0091-H-B,Binaraya,Jl. Adisucipto Gg. Bina Raya RT 001 RW 003 No.1 Desa Sungai Raya Kec. Sungai Raya Kab. Kubu Raya,Sungai Raya,Sungai Raya,-0.06158,109.36595,Green Field,43,3 KAKI,MENARATOWER5000020220623KUBURAYA,4326,,PT. PROTELINDO,HC01050180,,POINT (109.36595 -0.06158)
menaratelepon_ar_50k_10f62879eecb175b3f432c439e656c64.100,100,KAL-WKL-0049-T-B,BRI Sungai Kakap,Jl. Sungai Kakap Raya RT 001 RW 002 Desa Sungai Kakap Kec. Sungai Kakap Kab. Kubu Raya,Sungai Kakap,Sungai Kakap,-0.06084,109.18123,Green Field,70,3 KAKI,MENARATOWER5000020220623KUBURAYA,4326,,PT. PROTELINDO,HC01050180,,POINT (109.18123 -0.06084)
menaratelepon_ar_50k_10f62879eecb175b3f432c439e656c64.101,101,KAL-WKL-0106-H-B,Sei Raya,Jl. Duta Rajawali No. 2 RT 007 RW 006 Kel. Sungai Raya Kec. Sungai Raya Kab. Kubu Raya,Sungai Raya,Sungai Raya,-0.07499,109.37604,Pole,30,1 KAKI,MENARATOWER5000020220623KUBURAYA,4326,,PT. PROTELINDO,HC01050180,,POINT (109.37604 -0.07499)
menaratelepon_ar_50k_10f62879eecb175b3f432c439e656c64.102,102,KAL-WKL-0123-H-B,Sungai Raya Dalam ll,Jl. Sungai Raya Dalam RT 005 RW 009 Desa Sungai Raya Kec. Sungai Raya Kab. Kubu Raya,Sungai Raya,Sungai Raya,-0.0745,109.359,Pole,25,4 KAKI,MENARATOWER5000020220623KUBURAYA,4326,,PT. PROTELINDO,HC01050180,,POINT (109.359 -0.0745)
menaratelepon_ar_50k_10f62879eecb175b3f432c439e656c64.103,103,KAL-WKL-0141-T-B,Seponti Jaya 2,Jl. Perdamaian Gg. Rahmad RT 003 RW 016 Desa Pal Sembilan Kec. Sungai Kakap Kab. Kubu Raya,Pal IX,Sungai Kakap,-0.07108,109.29848,Green Field,40,3 KAKI,MENARATOWER5000020220623KUBURAYA,4326,,PT. PROTELINDO,HC01050180,,POINT (109.29848 -0.07108)
menaratelepon_ar_50k_10f62879eecb175b3f432c439e656c64.104,104,KAL-WKL-0096-T-B,Site_4853,Jl. Arteri Supadio RT 005 RW 010 Desa Arang Limbung Kec. Sungai Raya Kab. Kubu Raya,Arang Limbung,Sungai Raya,-0.12651,109.40302,Pole,12,1 KAKI,MENARATOWER5000020220623KUBURAYA,4326,,PT. PROTELINDO,HC01050180,,POINT (109.40302 -0.12651)
menaratelepon_ar_50k_10f62879eecb175b3f432c439e656c64.105,105,KAL-WKL-0143-T-B,GG_PARAH ex RA_KARTINI,"Jl. Arteri Supadio KM 13 RT 001 RW 014 Desa Parit Baru Kec. Sungai Raya Kab, Kubu Raya",Parit Baru,Sungai Raya,-0.09516,109.37697,Pole,12,1 KAKI,MENARATOWER5000020220623KUBURAYA,4326,,PT. PROTELINDO,HC01050180,,POINT (109.37697 -0.09516)
menaratelepon_ar_50k_10f62879eecb175b3f432c439e656c64.106,106,KAL-WKL-0108-H-B,Limbung,Jl. Adisucipto KM 15.7 Gg. Merdeka RT 002 RW 002 Desa Limbung Kec. Sungai Raya Kab. Kubu Raya,Limbung,Sungai Raya,-0.13563,109.40895,Pole,24,4 KAKI,MENARATOWER5000020220623KUBURAYA,4326,,PT. PROTELINDO,HC01050180,,POINT (109.40895 -0.13563)
menaratelepon_ar_50k_10f62879eecb175b3f432c439e656c64.107,107,GLN,GUNUNG LINANG,GUNUNG LINANG,Batu Ampar,Batu Ampar,-0.4445,109.38916,Green Field,102,4 KAKI,MENARATOWER5000020220623KUBURAYA,4326,,PT. DAYAMITRA TELK.,HC01050180,,POINT (109.38916 -0.4445)
menaratelepon_ar_50k_10f62879eecb175b3f432c439e656c64.108,108,RSJ,RASAU JAYA,RASAU JAYA,Rasau Jaya,Rasau Jaya,-0.1952,109.2129,green field,112,4 KAKI,MENARATOWER5000020220623KUBURAYA,4326,,PT. DAYAMITRA TELK.,HC01050180,,POINT (109.2129 -0.1952)
menaratelepon_ar_50k_10f62879eecb175b3f432c439e656c64.109,109,MPW078,MTMEGATIMUR,MEGA TIMUR,Mega Timur,Sui Ambawang,-0.1105,110.074889,Green Field,72,4 KAKI,MENARATOWER5000020220623KUBURAYA,4326,,PT. DAYAMITRA TELK.,HC01050180,,POINT (110.0748889 -0.1105)
menaratelepon_ar_50k_10f62879eecb175b3f432c439e656c64.110,110,MPW076,MTDABUNG,MTDABUNG,Dabung,Kubu,-0.569,109.28358,Green Field,72,4 KAKI,MENARATOWER5000020220623KUBURAYA,4326,,PT. DAYAMITRA TELK.,HC01050180,,POINT (109.28358 -0.569)
menaratelepon_ar_50k_10f62879eecb175b3f432c439e656c64.111,111,P06-23,SUMBER AGUNG,SUMBER AGUNG,Sumber Agung,Batu Ampar,-0.80556,109.79445,Green Field,32,4 KAKI,MENARATOWER5000020220623KUBURAYA,4326,,PT. DAYAMITRA TELK.,HC01050180,,POINT (109.79445 -0.80556)
menaratelepon_ar_50k_10f62879eecb175b3f432c439e656c64.112,112,P06-07,SUNGAI BESAR,SUNGAI BESAR,Sungai Besar,Batu Ampar,-0.79,109.253889,Green Field,32,4 KAKI,MENARATOWER5000020220623KUBURAYA,4326,,PT. DAYAMITRA TELK.,HC01050180,,POINT (109.253889 -0.79)
menaratelepon_ar_50k_10f62879eecb175b3f432c439e656c64.113,113,P06-22,BATU AMPAR,BATU AMPAR,Batu Ampar,Batu Ampar,-0.859722,109.690278,Green Field,32,4 KAKI,MENARATOWER5000020220623KUBURAYA,4326,,PT. DAYAMITRA TELK.,HC01050180,,POINT (109.6902778 -0.8597223)
menaratelepon_ar_50k_10f62879eecb175b3f432c439e656c64.114,114,tbg,BANDARA SUPADIO,"Jln. Pelabuhan Laut, RT/RW 04/03, Kel. Limbung,",Limbung,Sui Raya,-0.142833,109.413,Green Field,42,4 KAKI,MENARATOWER5000020220623KUBURAYA,4326,,PT. TBG,HC01050180,,POINT (109.413 -0.142833)
menaratelepon_ar_50k_10f62879eecb175b3f432c439e656c64.115,115,tbg,"PEREMPATAN,SEI RAYA DLM JL. A.YANI",Jl. Sei Raya Dalam I Gg. Ceria 2 RT. 06/01 Kel. Sei Raya,Sui Raya,Sui Raya,-0.06922,109.36237,Green Field,42,4 KAKI,MENARATOWER5000020220623KUBURAYA,4326,,PT. TBG,HC01050180,,POINT (109.36237 -0.06922)
menaratelepon_ar_50k_10f62879eecb175b3f432c439e656c64.116,116,tbg,KUBU_PADI,DUSUN TUNGKUL III RT.22 RW.02  DESA HILIR,Kubu Padi,Kuala Mandor B,0.09963,109.46834,Green field,72,4 KAKI,MENARATOWER5000020220623KUBURAYA,4326,,PT. TBG,HC01050180,,POINT (109.46834 0.09963)
menaratelepon_ar_50k_10f62879eecb175b3f432c439e656c64.117,117,tbg,TB_PARIT CAB KIRI EX ROAD SEI RAYA TO PTK AIRPORT,Jl. Pari Cabang Kiri RT 06/01Desa Teluk Kapuas,Teluk Kapuas,Sui Raya,-0.10232,109.38448,Green Field,42,4 KAKI,MENARATOWER5000020220623KUBURAYA,4326,,PT. TBG,HC01050180,,POINT (109.38448 -0.10232)
menaratelepon_ar_50k_10f62879eecb175b3f432c439e656c64.118,118,tbg,TB_ADISUCIPTO KM14.5 EX  ARANG LIMBUNG SEC-1,"Jalan Adisucipto Km 14,5 Desa Arang Limbung",Arang Limbung,Sui Raya,-0.12561,109.41011,Green Field,42,4 KAKI,MENARATOWER5000020220623KUBURAYA,4326,,PT. TBG,HC01050180,,POINT (109.41011 -0.12561)
menaratelepon_ar_50k_10f62879eecb175b3f432c439e656c64.119,119,tbg,TB_KOREK  EX SPLIT DS.JAWA TENGAH-2,RT 01/1 Desa Korek,Korek,Sui Ambawang,-0.04704,109.49022,Green Field,42,4 KAKI,MENARATOWER5000020220623KUBURAYA,4326,,PT. TBG,HC01050180,,POINT (109.49022 -0.04704)
menaratelepon_ar_50k_10f62879eecb175b3f432c439e656c64.120,120,tbg,TB_JW TENGAH EX SPLIT SUNGAI AMBAWANG-2,"Jln Trans Kaliman, Desa Jawa Tengah, RT/RW 02/04",Jawa Tengah,Sui Ambawang,-0.03507,109.44057,Green Field,42,4 KAKI,MENARATOWER5000020220623KUBURAYA,4326,,PT. TBG,HC01050180,,POINT (109.44057 -0.03507)
menaratelepon_ar_50k_10f62879eecb175b3f432c439e656c64.121,121,tbg,TB_GG WONODADI EX ROAD PONTIANAK AIRPORT TO SUNGAI RAYA DALAM,Jl. Arteri Supadio RT 01/11 Desa Arang Limbung,Arang Limbung,Sui Raya,-0.11835,109.39771,Green Field,42,4 KAKI,MENARATOWER5000020220623KUBURAYA,4326,,PT. TBG,HC01050180,,POINT (109.39771 -0.11835)
menaratelepon_ar_50k_10f62879eecb175b3f432c439e656c64.122,122,tbg,SIMP_RASAUJAYA,Jl. Rasau Jaya Dusun keramat 1 RT 25 Desa Kuala dua,Kuala Dua,Sui Raya,-0.15453,109.41719,Green Field,42,4 KAKI,MENARATOWER5000020220623KUBURAYA,4326,,PT. TBG,HC01050180,,POINT (109.41719 -0.15453)
menaratelepon_ar_50k_10f62879eecb175b3f432c439e656c64.123,123,tbg,KOMP_BTN_TELUKMULUS,Jl Adi Sucipto Km 10.9  Ds Teluk Kapuas,Teluk Kapuas,Sui Raya,-0.1004,109.40313,Green Field,42,4 KAKI,MENARATOWER5000020220623KUBURAYA,4326,,PT. TBG,HC01050180,,POINT (109.40313 -0.1004)
menaratelepon_ar_50k_10f62879eecb175b3f432c439e656c64.124,124,tbg,pulau limbung,Ds III RT 02/03 Ds P Limbung,Pulau Limbung,Sui Raya,-0.26812,109.85852,Green Field,72,4 KAKI,MENARATOWER5000020220623KUBURAYA,4326,,PT. TBG,HC01050180,,POINT (109.85852 -0.26812)
menaratelepon_ar_50k_10f62879eecb175b3f432c439e656c64.125,125,tbg,RADAK,"Dusun Karya Jaya, RT 02, RW 01, Desa Terentang Hulu.",Terentang Hulu,Terentang,-0.45297,109.55861,,72,4 KAKI,MENARATOWER5000020220623KUBURAYA,4326,,PT. TBG,HC01050180,,POINT (109.55861 -0.45297)
menaratelepon_ar_50k_10f62879eecb175b3f432c439e656c64.126,126,tbg,PERUMNAS 4 PONTIANAK,Jl. Parit Ampera RT 06 RW 07b Desa Ambawang Kuala,Ambawang Kuala,Sui Ambawang,-0.0369,109.38134,Green Field,42,4 KAKI,MENARATOWER5000020220623KUBURAYA,4326,,PT. TBG,HC01050180,,POINT (109.38134 -0.0369)
menaratelepon_ar_50k_10f62879eecb175b3f432c439e656c64.127,127,tbg,KALIMAS - 140190,Jl.Kalimas Tengah Rt.005 Rw.002 Desa Kalimas,Kalimas,Sui Kakap,-0.08744,109.22507,Green Field,62,4 KAKI,MENARATOWER5000020220623KUBURAYA,4326,,PT. TBG,HC01050180,,POINT (109.22507 -0.08744)
menaratelepon_ar_50k_10f62879eecb175b3f432c439e656c64.128,128,tbg,SUNGAI KUPAH – 140192,"Jl Jeruju kecil Laut, Dusun Makmur Rt. 02 Rw. 02 Desa Sungai Kupah",Sui Kupah,Sui Kakap,-0.008582,109.19601,Green Field,62,4 KAKI,MENARATOWER5000020220623KUBURAYA,4326,,PT. TBG,HC01050180,,POINT (109.19601 -0.008582)
menaratelepon_ar_50k_10f62879eecb175b3f432c439e656c64.129,129,tbg,PUNGGUR KECIL – 140280,Jl. Sungai Bemban Rt. 24 Rw. 08  Desa Punggur Kecil,Punggur Kecil,Sui Kakap,-0.09954,109.28666,Green Field,52,4 KAKI,MENARATOWER5000020220623KUBURAYA,4326,,PT. TBG,HC01050180,,POINT (109.28666 -0.09954)
menaratelepon_ar_50k_10f62879eecb175b3f432c439e656c64.130,130,200116109,NEW_KUALADUA,Jl. Dusun Karya II rt7/rw4,Kuala Dua,Sui Raya,-0.18737,109.44364,Green Field,42,4 KAKI,MENARATOWER5000020220623KUBURAYA,4326,,PT. TBG,HC01050180,,POINT (109.44364 -0.18737)
menaratelepon_ar_50k_10f62879eecb175b3f432c439e656c64.131,131,C409,Punggur Pontianak,Jl. Raya pelita rt9/rw3 punggur kecil,Punggur Kecil,Sui Kakap,-0.126611,109.247694,Green Field,70,3 KAKI,MENARATOWER5000020220623KUBURAYA,4326,,PT. STP,HC01050180,,POINT (109.2476944 -0.126611111)
menaratelepon_ar_50k_10f62879eecb175b3f432c439e656c64.132,132,2111021,Pasar Sei Raya Infill,jl. Adisucipto km8.5 gg pelangi rt6/rw10,Sui Raya,Sui Raya,-0.083444,109.387528,Green Field,32,3 KAKI,MENARATOWER5000020220623KUBURAYA,4326,,PT. STP,HC01050180,,POINT (109.3875278 -0.083444444)
menaratelepon_ar_50k_10f62879eecb175b3f432c439e656c64.133,133,Perdamaian,KOTABARU PONTIANAK,Jl Perdamaian,Pal IX,Sui Kakap,-0.066056,109.302111,Green Field,51,3 KAKI,MENARATOWER5000020220623KUBURAYA,4326,,PT. STP,HC01050180,,POINT (109.3021111 -0.06605556)
menaratelepon_ar_50k_10f62879eecb175b3f432c439e656c64.134,134,PELABUHAN RASAU,PELABUHAN RASAU,Pelabuhan Rasau,Rasau Jaya,Rasau Jaya,-0.264431,109.362325,green field,42,3 KAKI,MENARATOWER5000020220623KUBURAYA,4326,,PT. STP,HC01050180,,POINT (109.362325 -0.264431)
menaratelepon_ar_50k_10f62879eecb175b3f432c439e656c64.135,135,140381,TELUK PAKEDAI,ds Swadaya rt.04 rw.02 Desa Selat Remis Kec Tl.Pakedai,Selat Remis,Teluk Pakedai,-0.31931,109.15189,green field,72,4 KAKI,MENARATOWER5000020220623KUBURAYA,4326,,PT. HCPT,HC01050180,,POINT (109.15189 -0.31931)
menaratelepon_ar_50k_10f62879eecb175b3f432c439e656c64.136,136,140867A,HARAPAN KITA,Komp. PHK Gg. Nusantara rt17/rw11 Sui Rengas,Sungai Rengas,Sungai Kakap,-0.0031,109.28391,Green Field,42,4 KAKI,MENARATOWER5000020220623KUBURAYA,4326,,PT. H 3 I/HCPT,HC01050180,,POINT (109.28391 -0.0031)
